Date,GOOG,AMZN,META,NVDA
2024-12-31,189.3310089111328,219.38999938964844,582.1707763671875,133.9398651123047
2025-01-02,189.51988220214844,220.22000122070312,595.8224487304688,137.94937133789062
2025-01-03,192.0053253173828,224.19000244140625,601.1817626953125,144.0933074951172
2025-01-06,196.8072052001953,227.61000061035156,626.6058959960938,149.0403594970703
2025-01-07,195.56448364257812,222.11000061035156,614.3660888671875,139.77459716796875
2025-01-08,194.2521514892578,222.1300048828125,607.2369384765625,139.7446746826172
2025-01-10,192.0450897216797,218.94000244140625,612.3477172851562,135.55563354492188
2025-01-13,191.1702117919922,218.4600067138672,604.8606567382812,132.8826446533203
2025-01-14,189.93743896484375,217.75999450683594,590.8609008789062,131.4164581298828
2025-01-15,195.83291625976562,223.35000610351562,613.6005249023438,135.88479614257812
2025-01-16,193.2778778076172,220.66000366210938,607.813720703125,133.22174072265625
2025-01-17,196.39959716796875,225.94000244140625,609.2753295898438,137.3509521484375
2025-01-21,198.46746826171875,230.7100067138672,612.9442749023438,140.4628143310547
2025-01-22,198.86514282226562,235.00999450683594,619.944091796875,146.68655395507812
2025-01-23,198.41778564453125,235.4199981689453,632.8201293945312,146.83615112304688
2025-01-24,200.7242431640625,234.85000610351562,643.7973022460938,142.2481231689453
2025-01-27,192.6416015625,235.4199981689453,656.11669921875,118.11123657226562
2025-01-28,195.92237854003906,238.14999389648438,670.4843139648438,128.6536865234375
2025-01-29,196.03172302246094,237.07000732421875,672.6318969726562,123.37747192382812
2025-01-30,201.45001220703125,234.63999938964844,683.0819702148438,124.32499694824219
2025-01-31,204.40272521972656,237.67999267578125,685.2494506835938,119.7569351196289
2025-02-03,201.4599609375,237.4199981689453,693.4823608398438,116.3558349609375
2025-02-04,206.50042724609375,242.05999755859375,700.1738891601562,118.34063720703125
2025-02-05,192.17433166503906,236.1699981689453,700.8500366210938,124.5045166015625
2025-02-06,192.18429565429688,238.8300018310547,707.929443359375,128.34446716308594
2025-02-07,186.05023193359375,229.14999389648438,710.4449462890625,129.50144958496094
2025-02-10,187.10403442382812,233.13999938964844,713.30859375,133.22174072265625
2025-02-11,185.98062133789062,232.75999450683594,715.6948852539062,132.4537353515625
2025-02-12,184.35015869140625,228.92999267578125,721.2430419921875,130.79808044433594
2025-02-13,186.78590393066406,230.3699951171875,724.4049072265625,134.93724060058594
2025-02-14,185.78176879882812,228.67999267578125,732.4686889648438,138.4879608154297
2025-02-18,184.71800231933594,226.64999389648438,712.284423828125,139.03652954101562
2025-02-19,186.04026794433594,226.6300048828125,699.75634765625,138.8669891357422
2025-02-20,185.55311584472656,222.8800048828125,690.8773193359375,139.7446746826172
2025-02-21,180.52256774902344,216.5800018310547,679.651611328125,134.07948303222656
2025-02-24,180.13485717773438,212.7100067138672,664.3195190429688,129.94032287597656
2025-02-25,176.3371124267578,212.8000030517578,653.750244140625,126.2998275756836
2025-02-26,173.6826629638672,214.35000610351562,669.8578491210938,130.93771362304688
2025-02-27,169.2187957763672,208.74000549316406,654.4860229492188,119.83672332763672
2025-02-28,171.21710205078125,212.27999877929688,664.38916015625,124.59429168701172
2025-03-03,167.6778106689453,205.02000427246094,651.3140869140625,113.76260375976562
2025-03-04,171.6048126220703,203.8000030517578,636.3499755859375,115.68756866455078
2025-03-05,173.970947265625,208.36000061035156,652.7259521484375,116.9941635131836
2025-03-06,173.19549560546875,200.6999969482422,624.3488159179688,110.28170776367188
2025-03-07,174.72654724121094,199.25,622.0917358398438,112.39618682861328
2025-03-10,167.0228271484375,194.5399932861328,594.57958984375,106.70106506347656
2025-03-11,165.201416015625,196.58999633789062,602.255615234375,108.4764175415039
2025-03-12,168.20729064941406,198.88999938964844,616.026611328125,115.4488525390625
2025-03-13,163.95726013183594,193.88999938964844,587.2715454101562,115.28924560546875
2025-03-14,166.83370971679688,197.9499969482422,604.6721801757812,121.36392211914062
2025-03-17,165.78868103027344,195.74000549316406,601.9852905273438,119.22930908203125
2025-03-18,161.90695190429688,192.82000732421875,579.5538330078125,115.1396255493164
2025-03-19,165.50001525878906,195.5399932861328,581.2457275390625,117.22435760498047
2025-03-20,164.2758026123047,194.9499969482422,583.17626953125,118.23181915283203
2025-03-21,165.47015380859375,196.2100067138672,593.376953125,117.4039077758789
2025-03-24,169.1328887939453,203.25999450683594,615.8679809570312,121.10458374023438
2025-03-25,171.9794921875,205.7100067138672,623.2921142578125,120.38639068603516
2025-03-26,166.35598754882812,201.1300048828125,608.0359497070312,113.47382354736328
2025-03-27,163.31033325195312,201.36000061035156,599.6764526367188,111.14967346191406
2025-03-28,155.32794189453125,192.72000122070312,573.9608764648438,109.39411163330078
2025-03-31,155.49716186523438,190.25999450683594,573.582763671875,108.10735321044922
2025-04-01,158.13473510742188,192.1699981689453,583.17626953125,109.87290954589844
2025-04-02,158.11480712890625,196.00999450683594,581.1162719726562,110.14221954345703
2025-04-03,151.9140625,178.41000366210938,529.058349609375,101.5439224243164
2025-04-04,147.04701232910156,171.0,502.2980041503906,94.07275390625
2025-04-07,148.5399627685547,175.25999450683594,513.762451171875,97.39437103271484
2025-04-08,145.89244079589844,170.66000366210938,507.99041748046875,96.05775451660156
2025-04-09,160.30450439453125,191.10000610351562,582.9474487304688,114.04240417480469
2025-04-10,154.6411895751953,181.22000122070312,543.6576538085938,107.29940032958984
2025-04-11,158.6522674560547,184.8699951171875,540.9508666992188,110.65095520019531
2025-04-14,160.71258544921875,182.1199951171875,528.9190063476562,110.43150329589844
2025-04-15,157.93565368652344,179.58999633789062,519.0070190429688,111.9177474975586
2025-04-16,154.7705841064453,174.3300018310547,499.8895568847656,104.2271499633789
2025-04-17,152.64060974121094,172.61000061035156,499.0635986328125,101.23468017578125
2025-04-21,149.15704345703125,167.32000732421875,482.32464599609375,96.66621398925781
2025-04-22,153.17807006835938,173.17999267578125,497.869384765625,98.64122009277344
2025-04-23,156.98019409179688,180.60000610351562,517.7630615234375,102.45162200927734
2025-04-24,160.71258544921875,186.5399932861328,530.5810546875,106.16226196289062
2025-04-25,163.0814208984375,188.99000549316406,544.6329956054688,110.73074340820312
2025-04-28,161.65814208984375,187.6999969482422,547.091064453125,108.45648956298828
2025-04-29,161.2998046875,187.38999938964844,551.7684326171875,108.7457504272461
2025-04-30,160.1352996826172,184.4199981689453,546.3546142578125,108.64599609375
2025-05-01,162.0263671875,190.1999969482422,569.4527587890625,111.32923126220703
2025-05-02,165.03221130371094,189.97999572753906,594.143310546875,114.21197509765625
2025-05-05,165.27110290527344,186.35000610351562,596.3825073242188,113.53367614746094
2025-05-06,164.42507934570312,185.00999450683594,584.4800415039062,113.25438690185547
2025-05-07,152.083251953125,188.7100067138672,593.9342651367188,116.7655258178711
2025-05-08,155.0194091796875,192.0800018310547,595.1286010742188,117.07474517822266
2025-05-09,153.6558380126953,193.05999755859375,589.6350708007812,116.3565673828125
2025-05-12,158.8314666748047,208.63999938964844,636.3488159179688,122.69058990478516
2025-05-13,160.1352996826172,211.3699951171875,652.868896484375,129.60313415527344
2025-05-14,166.02755737304688,210.25,656.182861328125,134.99952697753906
2025-05-15,164.62413024902344,205.1699981689453,640.7774047851562,134.49082946777344
2025-05-16,166.6446075439453,205.58999633789062,637.2545166015625,135.05938720703125
2025-05-19,167.0825653076172,206.16000366210938,637.343994140625,135.2289581298828
2025-05-20,164.54452514648438,204.07000732421875,634.0300903320312,134.04196166992188
2025-05-21,169.26229858398438,201.1199951171875,632.4378662109375,131.4684600830078
2025-05-22,171.17327880859375,203.10000610351562,633.502685546875,132.49583435058594
2025-05-23,168.79449462890625,200.99000549316406,624.0384521484375,130.959716796875
2025-05-27,173.1638946533203,206.02000427246094,639.2249755859375,135.15914916992188
2025-05-28,172.5667266845703,204.72000122070312,640.4788818359375,134.47085571289062
2025-05-29,172.14869689941406,205.6999969482422,641.9417114257812,138.83985900878906
2025-05-30,172.03919982910156,205.00999450683594,644.3700561523438,134.7900848388672
2025-06-02,169.57081604003906,206.64999389648438,667.667236328125,137.03440856933594
2025-06-03,166.92330932617188,205.7100067138672,663.63671875,140.86474609375
2025-06-04,168.59542846679688,207.22999572753906,684.6351318359375,141.56300354003906
2025-06-05,169.01345825195312,207.91000366210938,681.3211669921875,139.6378631591797
2025-06-06,174.09950256347656,213.57000732421875,694.34814453125,141.36349487304688
2025-06-09,177.00927734375,216.97999572753906,690.7156372070312,142.27120971679688
2025-06-10,179.38096618652344,217.61000061035156,699.0155029296875,143.59786987304688
2025-06-11,178.1652374267578,213.1999969482422,690.7952270507812,142.4805908203125
2025-06-12,176.35159301757812,213.24000549316406,690.0189819335938,144.64527893066406
2025-06-13,175.26541137695312,212.10000610351562,679.5795288085938,141.62269592285156
2025-06-16,177.31820678710938,216.10000610351562,699.2744140625,144.33604431152344
2025-06-17,176.61068725585938,214.82000732421875,694.4041748046875,143.7674102783203
2025-06-18,173.37203979492188,212.52000427246094,692.9501953125,145.1240997314453
2025-06-20,167.14389038085938,209.69000244140625,679.58447265625,143.4980926513672
2025-06-23,165.4298858642578,208.47000122070312,695.6990356445312,143.8173065185547
2025-06-24,167.1538543701172,212.77000427246094,709.3135986328125,147.53817749023438
2025-06-25,170.89076232910156,211.99000549316406,705.8079223632812,153.93251037597656
2025-06-26,173.8204803466797,217.1199951171875,723.1473999023438,154.64076232910156
2025-06-27,177.64706420898438,223.3000030517578,730.65673828125,157.3640899658203
2025-06-30,176.77012634277344,219.38999938964844,735.0986938476562,157.603515625
2025-07-01,176.29180908203125,220.4600067138672,716.3051147460938,152.9250030517578
2025-07-02,179.13185119628906,219.9199981689453,710.6781005859375,156.86532592773438
2025-07-03,179.91909790039062,223.41000366210938,716.0960083007812,158.9501953125
2025-07-07,176.93954467773438,223.47000122070312,715.4386596679688,157.85289001464844
2025-07-08,174.5479278564453,219.36000061035156,717.7492065429688,159.60858154296875
2025-07-09,177.03919982910156,222.5399932861328,729.8102416992188,162.48155212402344
2025-07-10,178.0755615234375,222.25999450683594,724.2926635742188,163.6985626220703
2025-07-11,180.6764373779297,225.02000427246094,714.6021118164062,164.51654052734375
2025-07-14,182.1711883544922,225.69000244140625,717.998291015625,163.6686248779297
2025-07-15,182.46017456054688,226.35000610351562,707.5109252929688,170.28240966796875
2025-07-16,183.12783813476562,223.19000244140625,700.0611572265625,170.95079040527344
2025-07-17,184.05459594726562,223.8800048828125,698.5672607421875,172.57679748535156
2025-07-18,185.29025268554688,226.1300048828125,701.4256591796875,171.9882354736328
2025-07-21,190.48204040527344,229.3000030517578,710.0804443359375,170.9607696533203
2025-07-22,191.43869018554688,227.47000122070312,701.9534912109375,166.6213836669922
2025-07-23,190.8407745361328,228.2899932861328,710.68798828125,170.3622283935547
2025-07-24,192.52487182617188,232.22999572753906,711.903076171875,173.31497192382812
2025-07-25,193.4018096923828,231.44000244140625,709.7916259765625,173.0755615234375
2025-07-28,192.74411010742188,232.7899932861328,714.7216186523438,176.317626953125
2025-07-29,195.7435760498047,231.00999450683594,697.1630249023438,175.08062744140625
2025-07-30,196.7500457763672,230.19000244140625,692.3923950195312,178.8314666748047
2025-07-31,192.18606567382812,234.11000061035156,770.305419921875,177.4348602294922
2025-08-01,189.28622436523438,214.75,746.9703369140625,173.29501342773438
2025-08-04,195.0659637451172,211.64999389648438,773.2235107421875,179.5596466064453
2025-08-05,194.6374969482422,213.75,760.3659057617188,177.82391357421875
2025-08-06,196.2318878173828,222.30999755859375,768.8612670898438,178.98106384277344
2025-08-07,196.5906219482422,223.1300048828125,758.742431640625,180.32777404785156
2025-08-08,201.38380432128906,222.69000244140625,766.1822509765625,182.2530517578125
2025-08-11,200.9254150390625,221.3000030517578,762.7660522460938,181.6146240234375
2025-08-12,203.44659423828125,221.47000122070312,786.7982788085938,182.71192932128906
2025-08-13,202.32052612304688,224.55999755859375,776.91845703125,181.14576721191406
2025-08-14,203.10777282714844,230.97999572753906,778.9601440429688,181.57472229003906
2025-08-15,204.19395446777344,231.02999877929688,782.047607421875,180.00856018066406
2025-08-18,203.57611083984375,231.49000549316406,764.2600708007812,181.56472778320312
2025-08-19,201.78244018554688,228.00999450683594,748.434326171875,175.2103271484375
2025-08-20,199.49046325683594,223.80999755859375,744.6895751953125,174.9709014892578
2025-08-21,199.9189453125,221.9499969482422,736.1045532226562,174.55194091796875
2025-08-22,205.9976348876953,228.83999633789062,751.73095703125,177.55458068847656
2025-08-25,208.4291229248047,227.94000244140625,750.2470092773438,179.37013244628906
2025-08-26,207.22332763671875,228.7100067138672,751.0437622070312,181.32533264160156
2025-08-27,207.482421875,229.1199951171875,744.35107421875,181.15573120117188
2025-08-28,211.6278839111328,231.60000610351562,748.0658569335938,179.72923278808594
2025-08-29,212.78384399414062,229.0,735.7061157226562,173.75390625
2025-09-02,211.2492218017578,225.33999633789062,732.1307983398438,170.3622283935547
2025-09-03,230.29246520996094,225.99000549316406,734.0628662109375,170.20260620117188
2025-09-04,231.8470001220703,235.67999267578125,745.6158447265625,171.24008178710938
2025-09-05,234.3482208251953,232.3300018310547,749.4005126953125,166.61141967773438
2025-09-08,233.55032348632812,235.83999633789062,749.2510375976562,167.89825439453125
2025-09-09,239.3152618408203,238.24000549316406,762.5968017578125,170.34225463867188
2025-09-10,238.9362335205078,230.3300018310547,748.932373046875,176.89620971679688
2025-09-11,240.15306091308594,229.9499969482422,747.8568115234375,176.74655151367188
2025-09-12,240.7515106201172,228.14999389648438,752.5277099609375,177.39500427246094
2025-09-15,251.10447692871094,231.42999267578125,761.600830078125,177.32516479492188
2025-09-16,250.765380859375,234.0500030517578,775.8428344726562,174.4620361328125
2025-09-17,249.199462890625,231.6199951171875,772.576171875,169.8829803466797
2025-09-18,251.67300415039062,231.22999572753906,777.0877685546875,175.8187713623047
2025-09-19,254.57542419433594,231.47999572753906,775.225341796875,176.24774169921875
2025-09-22,252.22157287597656,227.6300048828125,762.5732421875,183.171142578125
2025-09-23,251.68296813964844,220.7100067138672,752.8463134765625,178.0035400390625
2025-09-24,247.18470764160156,220.2100067138672,758.0884399414062,176.54702758789062
2025-09-25,245.92800903320312,218.14999389648438,746.3782348632812,177.2653045654297
2025-09-26,246.53640747070312,219.77999877929688,741.2357177734375,177.76409912109375
2025-09-29,243.7237548828125,222.1699981689453,740.8869018554688,181.41537475585938
2025-09-30,242.9158477783203,219.57000732421875,731.8973999023438,186.13406372070312
2025-10-01,244.9006805419922,220.6300048828125,714.9149780273438,186.79248046875
2025-10-02,245.78836059570312,222.41000366210938,724.5921020507812,188.4385528564453
2025-10-03,245.80831909179688,219.50999450683594,708.1578369140625,187.17156982421875
2025-10-06,250.85513305664062,220.89999389648438,713.2406005859375,185.09652709960938
2025-10-07,246.48654174804688,221.77999877929688,710.66943359375,184.5977325439453
2025-10-08,244.82089233398438,225.22000122070312,715.4132690429688,188.6580047607422
2025-10-09,241.579345703125,227.74000549316406,731.0303344726562,192.10975646972656
2025-10-10,236.8716583251953,216.3699951171875,702.9156494140625,182.7222442626953
2025-10-13,244.00302124023438,220.07000732421875,713.280517578125,187.86990356445312
2025-10-14,245.5489959716797,216.38999938964844,706.25439453125,179.59971618652344
2025-10-15,251.0546112060547,215.57000732421875,715.1242065429688,179.4001922607422
2025-10-16,251.22418212890625,214.47000122070312,709.6627807617188,181.37545776367188
2025-10-17,253.12921142578125,213.0399932861328,714.4963989257812,182.7821044921875
2025-10-20,256.35076904296875,216.47999572753906,729.6947631835938,182.20347595214844
2025-10-21,250.68556213378906,222.02999877929688,730.7911376953125,180.72702026367188
2025-10-22,251.8724822998047,217.9499969482422,730.9306030273438,179.84910583496094
2025-10-23,253.06935119628906,221.08999633789062,731.5186767578125,181.72462463378906
2025-10-24,259.83172607421875,224.2100067138672,735.8638305664062,185.81480407714844
2025-10-27,269.2271423339844,226.97000122070312,748.28173828125,191.03231811523438
2025-10-28,267.7310791015625,229.25,748.899658203125,200.54953002929688
2025-10-29,274.4535217285156,230.3000030517578,749.1288452148438,206.54515075683594
2025-10-30,281.166015625,222.86000061035156,664.2168579101562,202.4050750732422
2025-10-31,281.08624267578125,244.22000122070312,646.158203125,202.0060272216797
2025-11-03,283.3802490234375,254.0,635.5540771484375,206.3855438232422
2025-11-04,277.3360290527344,249.32000732421875,625.1993408203125,198.21511840820312
2025-11-05,284.0085754394531,250.1999969482422,633.8001098632812,194.74343872070312
2025-11-06,284.5970764160156,243.0399932861328,616.8475952148438,187.63047790527344
2025-11-07,278.9717712402344,244.41000366210938,619.6082763671875,187.70030212402344
2025-11-10,289.8333740234375,248.39999389648438,629.6243286132812,198.5742645263672
2025-11-11,290.9803771972656,249.10000610351562,624.9601440429688,192.69833374023438
2025-11-12,286.6816101074219,244.1999969482422,606.9512329101562,193.33680725097656
2025-11-13,278.3932189941406,237.5800018310547,607.8282470703125,186.41339111328125
2025-11-14,276.25885009765625,234.69000244140625,607.3997192382812,189.71546936035156
2025-11-17,284.85638427734375,232.8699951171875,599.974853515625,186.1540069580078
2025-11-18,284.2180480957031,222.5500030517578,595.66943359375,180.92652893066406
2025-11-19,292.22711181640625,222.69000244140625,588.3243408203125,186.07420349121094
2025-11-20,289.2249755859375,217.13999938964844,587.1583251953125,180.20826721191406
2025-11-21,298.8697814941406,220.69000244140625,592.2410278320312,178.4524688720703
2025-11-24,317.6407775878906,226.27999877929688,610.9774780273438,182.1136932373047
2025-11-25,322.7973327636719,229.6699981689453,634.0691528320312,177.39500427246094
2025-11-26,319.44610595703125,229.16000366210938,631.468017578125,179.82916259765625
2025-11-28,319.2864990234375,233.22000122070312,645.759521484375,176.5769500732422
2025-12-01,314.2995300292969,233.8800048828125,638.7034301757812,179.48997497558594
2025-12-02,315.1971435546875,234.4199981689453,644.912353515625,181.02630615234375
2025-12-03,319.7851867675781,232.3800048828125,637.437744140625,179.16078186035156
2025-12-04,317.5610046386719,229.11000061035156,659.2936401367188,182.95188903808594
2025-12-05,321.2513427734375,229.52999877929688,671.1434936523438,181.98414611816406
2025-12-08,313.8359069824219,226.88999938964844,664.5457763671875,185.1168212890625
2025-12-09,317.12945556640625,227.9199981689453,654.7390747070312,184.53817749023438
2025-12-10,320.37310791015625,231.77999877929688,647.9321899414062,183.35096740722656
2025-12-11,313.0873718261719,230.27999877929688,650.5035400390625,180.5076141357422
2025-12-12,309.9135437011719,226.19000244140625,642.0520629882812,174.61141967773438
2025-12-15,308.7159118652344,222.5399932861328,645.8473510742188,175.87843322753906
2025-12-16,307.1290283203125,222.55999755859375,655.4625854492188,177.3050994873047
2025-12-17,297.4778747558594,221.27000427246094,647.8322143554688,170.5409393310547
2025-12-18,303.1567687988281,226.75999450683594,662.7438354492188,173.73345947265625
2025-12-19,308.0072937011719,227.35000610351562,657.0784912109375,180.56747436523438
2025-12-22,310.7219543457031,228.42999267578125,659.8013916015625,183.26116943359375
2025-12-23,315.0634765625,232.13999938964844,663.2325439453125,188.76828002929688
2025-12-24,315.05352783203125,232.3800048828125,665.8358764648438,188.169677734375
2025-12-26,314.3448486328125,232.52000427246094,661.5867919921875,190.085205078125
2025-12-29,313.7760314941406,232.07000732421875,656.9986572265625,187.7805938720703
2025-12-30,313.9356994628906,232.52999877929688,664.239990234375,187.1021728515625
2025-12-31,313.1871337890625,230.82000732421875,658.3950805664062,186.06460571289062
